{
 "acc_macro": [
  0.04988433842712719
 ],
 "prec_macro": [
  0.07047213931208775
 ],
 "rec_macro": [
  0.07630861483176607
 ],
 "f1_macro": [
  0.07327433853986424
 ],
 "acc_micro": [
  0.30301220044574134
 ],
 "prec_micro": [
  0.4658589141262496
 ],
 "rec_micro": [
  0.4643334976410112
 ],
 "f1_micro": [
  0.46509495512334464
 ],
 "rec_at_8": [
  0.34385901173877803
 ],
 "prec_at_8": [
  0.6340435315757205
 ],
 "f1_at_8": [
  0.44589633937964934
 ],
 "rec_at_15": [
  0.47788870430045316
 ],
 "prec_at_15": [
  0.49339873288371144
 ],
 "f1_at_15": [
  0.48551988244562144
 ],
 "auc_macro": [
  0.8872108649347755
 ],
 "auc_micro": [
  0.9787120542930894
 ],
 "loss_dev": [
  0.007533950214498351
 ],
 "acc_macro_te": [
  0.05361175446419838
 ],
 "prec_macro_te": [
  0.08076829323617615
 ],
 "rec_macro_te": [
  0.08630506147503404
 ],
 "f1_macro_te": [
  0.08344493381402177
 ],
 "acc_micro_te": [
  0.3015268004517418
 ],
 "prec_micro_te": [
  0.46912433053438984
 ],
 "rec_micro_te": [
  0.45770283189925165
 ],
 "f1_micro_te": [
  0.46334320637436904
 ],
 "rec_at_8_te": [
  0.3297003333182103
 ],
 "prec_at_8_te": [
  0.6324510676156584
 ],
 "f1_at_8_te": [
  0.433443899989026
 ],
 "rec_at_15_te": [
  0.4608155207444793
 ],
 "prec_at_15_te": [
  0.49377224199288255
 ],
 "f1_at_15_te": [
  0.47672497324004
 ],
 "auc_macro_te": [
  0.8830794886642932
 ],
 "auc_micro_te": [
  0.9789699808821269
 ],
 "loss_test_te": [
  0.0077072964570844655
 ],
 "loss_tr": [
  NaN
 ]
}